unit,count
tA/ + Ad + j]=té,165
Ad + j]=té + k,161
tA/ + Ad + j]=tá,156
Ad + j]=tá + k,154
ás + á + t,105
és + é + t,95
ás + ár + a,72
és + é + re,67
Ad + j]=ot + tá,62
j]=ot + tá + k,62
tA/ + Ad + j]=ot,62
ter + ül + et,45
tul + aj + don,45
tör + tén + et,42
köv + et + kez,41
tal + ál + koz,41
ít + és + é,41
et + t + e,39
er + ed + mény,38
kap + csol + at,38
ás + ok + at,36
biz + ony + ít,35
ás + á + val,35
ez + és + é,34
ás + á + nak,34
és + ek + et,34
ez + t + e,33
tám + og + at,33
és + é + vel,33
ség + é + t,32
ig + az + gat,31
hat + at + lan,30
tud + om + ány,29
műv + ész + et,28
szer + vez + et,28
ép + ít + és,28
és + é + nek,28
erő + s + ít,27
fog + lal + koz,27
het + et + len,27
sor + oz + at,27
ás + á + ban,27
tev + ék + eny,26
tár + sas + ág,26
ut + as + ít,26
ít + tA/ + Ad,26
ir + ány + ít,25
ság + á + t,25
ít + és + e,25
az + gat + ó,24
ez + tA/ + Ad,24
fel + hasz + nál,24
tel + ef + on,24
ter + mész + et,24
biz + ton + ság,23
ez + és + e,23
gon + dol + kod,23
kész + ít + és,23
tap + asz + tal,23
et + tA/ + Ad,22
fel + ad + at,22
ren + del + kez,22
vál + aszt + ás,22
és + é + ben,22
ít + ett + e,22
őr + i + z,22
at + á + t,21
egy + et + em,21
fej + leszt + és,21
jel + en + tkez,21
köv + et + el,21
magy + ar + áz,21
szol + gál + tat,21
elő + ad + ás,20
es + em + ény,20
et + é + t,20
hasz + nál + at,20
hiv + at + al,20
le + hető + ség,20
rend + ez + és,20
ék + eny + ség,20
be + fej + ez,19
csat + lak + oz,19
em + el + ked,19
fel + vét + el,19
ki + ad + ás,19
kép + es + ség,19
kör + nyez + et,19
szol + gál + at,19
szül + et + és,19
tan + ul + mány,19
vizs + gál + at,19
ész + et + i,19
Ad + j]=et + té,18
gon + dol + at,18
j]=et + té + k,18
kép + vis + el,18
men + ek + ül,18
os + ít + ás,18
oz + t + a,18
pil + lan + at,18
seg + ít + ség,18
szab + ad + ul,18
szer + en + csé,18
tA/ + Ad + j]=et,18
vál + toz + at,18
vél + em + ény,18
ál + lom + ás,18
ít + ás + a,18
ó + k + at,18
ő + k + et,18
ak + ad + ály,17
at + ok + at,17
gyak + or + lat,17
is + mer + et,17
köz + el + ít,17
meg + határ + oz,17
meg + old + ás,17
min + isz + ter,17
tisz + tel + et,17
tájék + oz + tat,17
ál + doz + at,17
ál + is + an,17
ál + lap + ít,17
ás + ár + ól,17
ad + ás + á,16
alkalm + az + ás,16
fejl + őd + és,16
hagy + om + ány,16
has + on + lít,16
hál + óz + at,16
in + for + máció,16
in + téz + mény,16
ker + es + ked,16
kép + visel + ő,16
kís + ér + let,16
köz + lek + ed,16
meg + ál + lap,16
mód + os + ít,16
ol + ógia + i,16
tet + t + e,16
vis + el + ked,16
vás + ár + ol,16
ül + et + é,16
asz + tal + at,15
el + ked + és,15
en + ged + ély,15
ez + és + i,15
ez + és + t,15
fel + tét + el,15
fel + tétel + ez,15
feny + eg + et,15
ház + as + ság,15
ki + fej + ez,15
köz + ös + ség,15
meg + erő + s,15
nép + szer + ű,15
növ + ek + ed,15
og + at + ás,15
szer + epl + ő,15
vál + asz + ol,15
ál + lap + ot,15
és + é + hez,15
ít + ott + a,15
ít + ás + á,15
ít + ás + ár,15
aj + án + dék,14
ek + ed + és,14
el + hely + ez,14
el + jár + ás,14
el + kész + ít,14
el + lát + ás,14
hely + ez + és,14
kül + ön + böz,14
lal + koz + ás,14
oz + ás + a,14
oz + ás + á,14
ség + é + nek,14
vál + lal + koz,14
ér + ték + el,14
ül + t + ek,14
aj + don + ság,13
at + ik + us,13
at + koz + ás,13
dolg + oz + ás,13
em + ény + ek,13
es + ség + e,13
ez + t + em,13
fej + ez + és,13
fel + dolg + oz,13
fel + ül + et,13
foly + am + at,13
gál + tat + ás,13
hat + ék + ony,13
in + téz + et,13
kap + csol + ód,13
ki + állít + ás,13
lek + ed + és,13
meg + jelen + és,13
nyil + at + koz,13
om + ány + i,13
or + szág + i,13
szab + ály + oz,13
ség + ek + et,13
terv + ez + és,13
ur + al + kod,13
ut + az + ás,13
való + s + ít,13
ás + ai + t,13
ül + et + ek,13
ad + t + a,12
at + á + nak,12
dok + um + en,12
egy + szer + ű,12
el + táv + ol,12
et + é + nek,12
felel + ő + s,12
fesz + tiv + ál,12
kap + it + ány,12
lét + es + ít,12
nev + ez + és,12
ol + t + a,12
or + szág + ban,12
par + an + csnok,12
s + ít + és,12
szerv + ez + és,12
számít + ó + gép,12
szór + ak + oz,12
tart + ó + z,12
teh + et + ség,12
telep + ül + és,12
tud + ó + s,12
táv + ol + ít,12
ál + koz + ó,12
ás + á + hoz,12
és + é + ről,12
ó + z + tat,12
új + ít + ás,12
ad + ály + oz,11
ar + or + szág,11
as + ít + ás,11
bal + es + et,11
biztos + ít + ás,11
bír + ó + ság,11
csat + or + ná,11
del + kez + és,11
egy + es + ül,11
egy + üt + tes,11
el + ismer + és,11
el + len + ség,11
el + mél + et,11
el + t + e,11
et + kez + ő,11
et + t + em,11
fel + új + ít,11
hat + ó + ság,11
hely + et + tes,11
is + tá + k,11
isz + téri + um,11
ki + egész + ít,11
ki + vál + aszt,11
kész + ül + t,11
magy + ar + or,11
meg + köz + el,11
meg + való + s,11
meg + változ + tat,11
min + den + ki,11
min + isz + téri,11
mut + at + koz,11
működ + és + é,11
om + ány + ok,11
on + ál + is,11
prób + ál + koz,11
seb + es + ség,11
szem + ély + i,11
szer + kez + et,11
szer + ű + bb,11
tel + jes + ít,11
való + szín + ű,11
vez + et + ék,11
vál + aszt + ott,11
vál + lal + at,11
ál + koz + ás,11
állít + ás + á,11
őd + és + é,11
ad + om + ány,10
be + fek + tet,10
be + mutat + ó,10
be + rend + ez,10
bej + ár + at,10
együtt + működ + és,10
ellen + őrz + és,10
elm + ez + tet,10
es + ít + ett,10
es + ít + és,10
es + ül + t,10
et + é + ben,10
figy + elm + ez,10
fok + oz + at,10
foly + tat + ás,10
gond + os + kod,10
gyűj + tem + ény,10
hasz + nál + hat,10
hasz + nál + ás,10
hő + mér + sék,10
im + ád + koz,10
is + mer + ked,10
jav + as + ol,10
jes + ít + mény,10
kat + eg + óriá,10
ker + ül + et,10
ki + ad + ó,10
ki + alakít + ás,10
kény + szer + ít,10
kötel + ez + ett,10
meg + egy + ez,10
meg + hal + lgat,10
más + od + perc,10
mér + sék + let,10
nyil + ván + tart,10
oz + tA/ + Ad,10
pol + it + ika,10
ren + dez + vény,10
rend + ez + ő,10
semmi + s + ít,10
szerz + őd + és,10
szál + lít + ás,10
tar + talm + az,10
tár + gyal + ás,10
vezet + és + é,10
von + at + koz,10
végre + hajt + ás,10
ér + tes + ít,10
ér + zék + el,10
és + ei + t,10
ít + ás + t,10
ün + nep + el,10
aj + don + os,9
aj + án + lat,9
al + koh + ol,9
alakít + ás + á,9
am + en + nyi,9
bef + oly + ás,9
beszél + get + és,9
biz + ot + tság,9
csel + ek + mény,9
dem + ény + ez,9
dolg + oz + ó,9
egy + ez + és,9
el + ad + ás,9
el + képzel + és,9
el + len + es,9
el + pusz + tít,9
elő + kész + ít,9
en + er + gia,9
en + er + giá,9
es + ség + é,9
et + ek + et,9
et + ség + es,9
fel + ép + ít,9
gyak + or + ol,9
gyül + ek + ez,9
hal + lgat + ás,9
hal + lgat + ó,9
hasz + nál + t,9
in + téz + ked,9
jav + as + lat,9
kez + dem + ény,9
ko + or + din,9
koc + káz + at,9
kor + mány + zat,9
kész + ít + ett,9
köl + tség + vet,9
kör + ül + mény,9
kül + ön + leg,9
küld + et + és,9
le + tart + ó,9
leg + jo + bb,9
lep + et + és,9
lát + ogat + ó,9
meg + lep + et,9
meg + semmi + s,9
meg + szün + tet,9
menny + i + ség,9
min + dket + tő,9
oly + ás + ol,9
ony + ít + ék,9
or + szág + ba,9
pol + it + iká,9
s + ít + ás,9
szav + az + at,9
szav + az + ás,9
szer + et + et,9
szer + keszt + ő,9
száz + al + ék,9
ség + es + en,9
tar + tóz + kod,9
tat + t + a,9
tel + ep + ít,9
til + tak + oz,9
tség + vet + és,9
tén + et + é,9
um + en + tum,9
ve + tté + k,9
ál + lom + ány,9
állít + ás + a,9
ály + oz + ás,9
ány + ít + ás,9
ász + at + i,9
ély + i + ség,9
ép + ít + ett,9
ép + ít + ő,9
ön + leg + es,9
új + ság + ír,9
ad + ó + k,8
am + ely + ik,8
an + szír + oz,8
at + koz + ik,8
at + koz + ott,8
at + á + ban,8
az + t + a,8
bal + at + on,8
be + vezet + és,8
dim + en + zió,8
ek + ez + et,8
el + len + őr,8
el + ut + as,8
el + vég + ez,8
el + ér + és,8
elő + ad + ó,8
es + ed + és,8
es + ség + et,8
es + ül + et,8
et + es + en,8
et + kez + mény,8
et + és + nap,8
ez + ett + ség,8
ez + és + ek,8
fej + ez + et,8
fel + ir + at,8
fel + kész + ül,8
fel + nő + tt,8
fin + an + szír,8
ged + ély + ez,8
gon + dol + koz,8
gál + at + á,8
han + gul + at,8
határ + oz + ás,8
hely + ez + ked,8
hely + zet + é,8
hiv + at + koz,8
ik + us + an,8
is + mét + el,8
ismer + ő + s,8
it + ik + us,8
jel + lemz + ő,8
kar + ács + ony,8
kel + et + kez,8
ker + esz + tény,8
ki + hasz + nál,8
ki + köt + ő,8
ki + nev + ez,8
ki + vitel + ez,8
kom + mun + ik,8
kon + fer + en,8
köz + ön + ség,8
lak + os + ság,8
lal + koz + tat,8
le + ír + ás,8
len + őr + i,8
leszt + és + é,8
létre + hoz + ás,8
med + en + cé,8
meg + gyil + kol,8
meg + szer + ez,8
min + degy + ik,8
műv + el + et,8
or + osz + or,8
osz + or + szág,8
oz + ás + i,8
oz + ás + ár,8
pály + áz + at,8
ren + del + et,8
rész + let + ek,8
sad + al + om,8
szem + ély + ek,8
szep + tem + ber,8
szer + ű + en,8
szer + ű + ség,8
szül + in + ap,8
ság + ír + ó,8
tak + ar + ít,8
tar + tom + ány,8
tart + ás + á,8
tár + sad + al,8
tör + tén + elm,8
vas + ár + nap,8
ve + tt + em,8
ver + senyz + ő,8
vesz + ély + es,8
változ + tat + ás,8
ván + tart + ás,8
vár + ak + oz,8
véd + ek + ez,8
áb + ráz + ol,8
ér + dek + el,8
ér + dem + el,8
ér + tA/ + Ad,8
év + fordul + ó,8
ít + ás + i,8
ön + böz + tet,8
ő + d + nek,8
ő + s + ség,8
Ad + j]=te + ség,7
Ad + j]=öt + té,7
ad + ás + a,7
ad + ó + s,7
ak + oz + ás,7
al + ap + ít,7
alakul + ás + á,7
alkalm + az + ott,7
ap + ít + vány,7
at + ai + t,7
at + koz + at,7
at + óri + um,7
az + gat + ás,7
be + foly + ás,7
be + mutat + ás,7
bev + ét + el,7
bir + od + alm,7
csel + ek + ed,7
csop + ort + ok,7
dol + kod + ás,7
ed + mény + ez,7
el + vál + aszt,7
ellen + áll + ás,7
elő + állít + ás,7
em + leg + et,7
emlék + ez + tet,7
eny + ség + é,7
es + ség + ek,7
et + kez + tet,7
et + kez + és,7
et + or + szág,7
fel + szerel + és,7
fele + ség + é,7
fenn + tart + ás,7
fer + en + ciá,7
fogy + aszt + ás,7
font + os + ság,7
fordul + ó + já,7
gen + er + áció,7
gim + názi + um,7
hagy + t + a,7
hasz + nál + ó,7
haszn + os + ít,7
hat + al + om,7
hely + i + ség,7
hó + nap + ok,7
ik + us + ok,7
in + ter + jú,7
in + ter + net,7
isz + ter + elnök,7
it + ika + i,7
j]=öt + té + k,7
jelen + tő + ség,7
kezel + és + é,7
ki + ad + vány,7
ki + alakul + ás,7
ki + dolg + oz,7
ki + hív + ás,7
kiv + ét + el,7
köz + el + ed,7
köz + tár + sas,7
leg + es + en,7
lát + ogat + ás,7
meg + ak + ad,7
meg + bíz + ható,7
meg + felel + ő,7
meg + figyel + és,7
meg + rend + ez,7
meg + szerv + ez,7
mény + ek + et,7
ném + et + or,7
ol + ít + ás,7
ol + óg + us,7
os + ul + t,7
oz + ás + t,7
par + an + csol,7
re + ak + ció,7
rend + szer + ek,7
rend + szer + é,7
rend + őr + ség,7
sik + er + ül,7
szab + ály + ok,7
szer + ek + et,7
szer + ep + el,7
ság + á + nak,7
tA/ + Ad + j]=te,7
tA/ + Ad + j]=öt,7
tat + tA/ + Ad,7
tat + ás + á,7
ten + ger + ész,7
tes + tül + et,7
tet + tA/ + Ad,7
tov + áb + bít,7
tén + el + em,7
tén + et + i,7
téz + ked + és,7
tök + élet + es,7
tör + tén + el,7
ugy + an + az,7
ul + mány + oz,7
un + iv + er,7
vesz + tA/ + Ad,7
vil + lam + os,7
vil + ág + ít,7
vis + el + et,7
véd + el + em,7
ár + ol + t,7
ás + ok + kal,7
át + ad + ás,7
ék + ony + ság,7
ép + ít + ész,7
ér + vény + es,7
érdekl + őd + és,7
ír + ás + á,7
ít + ás + ok,7
ít + és + t,7
ó + já + n,7
ó + k + nak,7
ön + kor + mány,7
ügy + el + et,7
ül + et + e,7
ő + jé + t,7
a + ut + om,6
ad + at + ok,6
ad + tA/ + Ad,6
ad + ul + t,6
ad + ás + ok,6
ad + ás + ra,6
ad + ás + t,6
ad + ás + ár,6
al + acs + ony,6
al + is + ta,6
al + kal + maz,6
al + kal + om,6
al + kod + ó,6
alá + ír + ás,6
am + ily + en,6
ar + áz + at,6
as + ít + ott,6
av + at + koz,6
be + biz + ony,6
be + kap + csol,6
be + oszt + ás,6
becs + ül + et,6
bé + k + é,6
cia + or + szág,6
csol + at + ok,6
csök + kent + és,6
ed + és + é,6
egy + en + lő,6
egy + ip + tom,6
ek + ed + ett,6
ek + ül + t,6
el + ek + tron,6
el + em + mel,6
el + ked + ett,6
el + ked + ik,6
el + len + kez,6
el + nev + ez,6
el + tér + és,6
el + vár + ás,6
el + ér + hető,6
elő + ír + ás,6
en + ged + elm,6
erő + s + ebb,6
es + ked + elm,6
et + el + mény,6
ez + et + es,6
ez + és + sel,6
ez + ő + k,6
fed + él + zet,6
fej + ez + t,6
fel + füg + geszt,6
fel + lép + és,6
fel + ügy + el,6
foly + ó + irat,6
forg + at + ás,6
forr + ás + ok,6
fran + cia + or,6
fény + kép + ez,6
fő + szer + epl,6
gazda + ság + i,6
ged + elm + es,6
gyel + or + szág,6
gyil + kol + t,6
gyilk + os + ság,6
gyul + lad + ás,6
győz + el + em,6
hang + súly + oz,6
hoz + t + a,6
igy + ek + ez,6
il + it + ás,6
in + tel + lig,6
iz + ál + t,6
jel + öl + és,6
kar + akt + er,6
ki + fog + ás,6
ki + kap + csol,6
ki + lát + ás,6
ki + szol + gál,6
ki + tüntet + és,6
kol + légi + um,6
kon + flik + tus,6
kon + gres + szus,6
koz + ás + ok,6
kérd + és + ek,6
kész + ít + ő,6
köz + gyűl + és,6
köz + lem + ény,6
köz + vet + ít,6
kül + ön + ös,6
lak + oz + ás,6
leg + tö + bb,6
len + gyel + or,6
mar + ad + vány,6
mat + em + at,6
meg + beszél + és,6
meg + kül + ön,6
meg + szerz + és,6
meg + te + het,6
meg + vizs + gál,6
meg + vás + ár,6
meg + áll + ó,6
meg + őr + i,6
mil + li + árd,6
mond + t + a,6
mun + ik + áció,6
más + ol + at,6
mér + tA/ + Ad,6
múl + t + já,6
nyil + ván + os,6
nyom + oz + ó,6
od + al + om,6
ok + tób + er,6
or + szág + ból,6
os + ság + ot,6
osz + tály + á,6
oz + tat + ás,6
oz + tat + ó,6
par + lam + ent,6
pol + it + ik,6
prod + uk + ció,6
prof + es + szor,6
s + ít + ott,6
saj + át + os,6
szap + or + od,6
szem + ély + zet,6
szen + ved + ély,6
szer + ez + t,6
szük + ség + es,6
szül + ő + k,6
ség + é + vel,6
tan + ít + vány,6
tart + ás + a,6
tat + ás + a,6
tat + ás + ok,6
tec + hnol + ógiá,6
tek + in + tet,6
terv + ez + t,6
tet + és + e,6
tet + és + é,6
ton + ság + os,6
tud + om + ás,6
táb + or + nok,6
táp + lál + koz,6
tár + sad + alm,6
tény + ez + ő,6
ugy + an + ez,6
un + at + koz,6
vesz + ély + ez,6
vez + et + ek,6
vissza + tér + és,6
vál + aszt + hat,6
vál + ogat + ott,6
ván + dorl + ás,6
vég + ez + t,6
ál + koz + hat,6
ál + lap + od,6
ál + tal + án,6
állít + ás + ok,6
ás + ok + on,6
ás + á + n,6
át + alakít + ás,6
ély + ez + tet,6
ép + ül + t,6
ér + zék + eny,6
értelm + ez + és,6
érték + es + ít,6
és + ek + kel,6
ír + ás + ok,6
ít + ett + ek,6
ít + ott + ak,6
ön + gyil + kos,6
össze + függ + és,6
ügy + min + isz,6
ül + et + ei,6
ül + et + i,6
ő + k + nek,6
ől + eg + es,6
őrz + és + é,6
ac + it + ás,5
ad + ott + ság,5
ad + ás + i,5
aj + don + ít,5
ak + tiv + ál,5
al + ap + já,5
al + iz + mus,5
al + kot + mány,5
al + óg + us,5
alm + á + t,5
am + er + ika,5
asz + or + szág,5
asz + tal + t,5
aszt + ás + a,5
at + koz + ni,5
at + ok + kal,5
at + os + an,5
at + ás + á,5
at + ó + könyv,5
az + tA/ + Ad,5
az + ás + t,5
az + ás + á,5
be + av + at,5
be + köv + et,5
be + mut + at,5
be + számol + ó,5
be + ép + ít,5
bele + egy + ez,5
bic + ik + li,5
bir + tok + ol,5
biz + ony + os,5
biz + ony + tal,5
bud + ap + es,5
bűn + csel + ek,5
bűn + öz + ő,5
ci + ál + is,5
csod + ál + koz,5
csom + ag + ol,5
csök + ken + és,5
dem + el + t,5
e + ur + óp,5
ed + el + em,5
ed + mény + e,5
ed + mény + ei,5
ed + és + t,5
eg + es + en,5
egy + en + let,5
egy + es + ít,5
egész + ség + es,5
egész + ség + ügy,5
egész + ít + ő,5
ek + ed + et,5
ek + ez + és,5
el + et + i,5
el + fogad + ás,5
el + határ + oz,5
el + ked + ő,5
el + kész + ül,5
el + misz + er,5
el + tA/ + Ad,5
el + ér + t,5
el + ít + és,5
em + lék + ez,5
en + csé + s,5
er + ed + ett,5
erő + feszít + és,5
erő + forr + ás,5
es + ség + ei,5
es + tA/ + Ad,5
es + ít + eni,5
es + ít + mény,5
et + el + t,5
et + len + ül,5
et + tes + ít,5
et + tud + om,5
et + és + ek,5
et + és + é,5
ett + ség + i,5
ez + tet + ett,5
ez + és + re,5
ez + ő + je,5
feh + ér + vár,5
fel + fedez + és,5
fel + jegyz + és,5
fel + mér + és,5
fel + ügyel + ő,5
figy + el + em,5
fog + ad + ás,5
font + os + abb,5
for + gal + om,5
for + mát + um,5
forg + at + ó,5
fáj + dal + om,5
gat + ó + ság,5
gaz + dál + kod,5
gyer + mek + kor,5
gyil + kos + ság,5
gyárt + ás + á,5
gyógy + ász + at,5
gyöny + ör + ű,5
gál + at + i,5
hagy + tA/ + Ad,5
hajt + ás + á,5
hat + ár + oz,5
hely + ez + ett,5
hely + szín + é,5
helyre + állít + ás,5
hiv + at + ás,5
hoz + ás + á,5
hozzá + járul + ás,5
ház + as + od,5
ház + tart + ás,5
hív + ás + ok,5
hív + ás + t,5
i + ség + ek,5
i + ség + i,5
i + ség + é,5
i + z + ni,5
ily + es + mi,5
in + dul + at,5
ir + od + alm,5
ismer + t + e,5
jel + en + et,5
jelen + lét + é,5
jelen + és + é,5
jelent + ő + s,5
jer + uzs + ál,5
jog + os + ul,5
jog + szab + ály,5
jö + tt + ek,5
kal + maz + kod,5
kap + ac + it,5
kap + csol + t,5
kap + t + a,5
kar + ri + er,5
ked + és + é,5
kev + er + ed,5
kez + tet + és,5
ki + em + el,5
ki + ter + jeszt,5
ki + ép + ít,5
kon + cep + ció,5
kor + mányz + ó,5
kor + á + ban,5
koz + ás + a,5
koz + ás + t,5
kép + ez + ő,5
kérd + és + ei,5
kész + ül + ék,5
kís + ér + et,5
kív + án + csi,5
kör + nyék + é,5
kör + ül + ött,5
köz + pont + já,5
lak + ás + á,5
lap + ít + ott,5
le + het + et,5
lát + vány + os,5
lék + ez + et,5
lét + ez + és,5
mag + az + in,5
mar + ad + ék,5
meg + bíz + ás,5
meg + fogalm + az,5
meg + hív + ás,5
meg + is + mer,5
meg + jegyz + és,5
meg + lát + ogat,5
meg + próbál + t,5
meg + rendel + és,5
meg + talál + t,5
meg + ér + t,5
meg + ért + és,5
meg + új + ul,5
men + t + em,5
met + rik + us,5
min + dan + nyi,5
min + den + nap,5
mot + ív + um,5
moz + dul + at,5
már + ci + us,5
művel + őd + és,5
nev + ez + et,5
nev + ez + ett,5
nor + mál + is,5
nov + em + ber,5
nyil + ván + ít,5
nál + at + á,5
néz + t + em,5
nő + tt + ek,5
og + at + ó,5
ok + oz + hat,5
ol + asz + or,5
ol + or + szág,5
ol + t + ak,5
ol + tA/ + Ad,5
om + ány + os,5
om + ány + oz,5
ony + tal + an,5
ony + ít + ott,5
ony + ít + ás,5
or + szág + ot,5
os + od + ás,5
os + ság + a,5
oz + at + ok,5
oz + at + á,5
oz + ó + k,5
pil + lant + ás,5
pont + os + ság,5
prob + lémá + i,5
prob + lémá + k,5
prog + ram + oz,5
reg + isz + trál,5
repül + ő + tér,5
s + ít + ett,5
spany + ol + or,5
spor + tol + ó,5
szak + ért + ő,5
szem + lél + et,5
szem + ély + é,5
szen + tel + t,5
szer + epl + és,5
szerz + és + é,5
szet + ét + el,5
szim + ból + um,5
szál + lít + ó,5
szár + maz + ás,5
szél + es + ség,5
szín + ű + ség,5
szün + tet + és,5
ság + ok + at,5
ség + ei + t,5
ség + ek + kel,5
ség + é + re,5
tag + oz + at,5
tal + án + os,5
talál + t + a,5
tan + ács + adó,5
tart + ás + i,5
tart + ás + t,5
tat + ás + i,5
tat + ás + t,5
te + tt + em,5
tek + in + tély,5
tel + ev + ízió,5
tel + lig + en,5
ter + jeszt + és,5
terjed + és + é,5
terv + ez + ő,5
tet + ov + ál,5
ton + ság + i,5
toz + at + os,5
ték + el + és,5
tö + bb + ször,5
történ + t + ek,5
uzs + ál + em,5
val + am + ely,5
val + lom + ás,5
var + ázs + lat,5
ver + es + ég,5
veszt + et + t,5
vez + et + é,5
vezet + ő + k,5
vál + t + ság,5
város + á + ban,5
z + ás + i,5
zár + t + a,5
zár + tA/ + Ad,5
áp + ril + is,5
ár + oz + at,5
él + el + misz,5
él + ő + k,5
ény + ek + et,5
ény + ez + és,5
ép + ít + eni,5
ép + ít + kez,5
ér + let + ez,5
ér + és + é,5
és + é + n,5
ét + el + é,5
év + tized + ek,5
ír + ás + a,5
ír + ás + ai,5
ít + kez + és,5
ít + mény + ek,5
ít + és + i,5
ó + d + nak,5
ó + já + t,5
ó + s + ít,5
ó + ság + ok,5
ön + kén + tes,5
ös + szet + ét,5
össze + has + on,5
össze + tev + ő,5
ül + és + ek,5
ő + i + t,5
a + ug + usz,4
ad + at + ai,4
ad + min + isz,4
ad + vány + ok,4
ad + á + t,4
ad + ó + t,4
ad + ó + z,4
ak + ad + émia,4
ak + ad + émiá,4
ak + oz + tat,4
ak + tiv + it,4
al + ex + an,4
al + it + ás,4
alakul + ás + a,4
am + er + ik,4
an + csnok + ság,4
as + ol + t,4
as + szisz + tens,4
asz + ol + t,4
aszt + tA/ + Ad,4
aszt + ás + ok,4
aszt + ás + á,4
at + koz + nak,4
at + koz + ó,4
at + ok + ban,4
at + á + val,4
at + ás + a,4
at + ás + t,4
az + ott + ak,4
az + ás + a,4
az + ás + ok,4
be + jelent + és,4
be + ruhá + z,4
be + sorol + ás,4
be + vet + és,4
be + ván + dorl,4
beteg + ség + ek,4
bi + ol + ógia,4
bon + tak + oz,4
bony + ol + ult,4
bony + ol + ít,4
bán + talm + az,4
bőv + ít + és,4
civ + il + iz,4
csel + ekv + és,4
csil + lag + ász,4
csop + ort + já,4
csop + ort + os,4
csüt + ör + tök,4
dag + an + at,4
deb + rec + en,4
dec + em + ber,4
dob + t + a,4
dol + goz + at,4
dolg + oz + ott,4
doz + at + á,4
dál + kod + ás,4
dél + ut + án,4
dönt + ő + jé,4
ed + mény + ek,4
ed + és + e,4
ed + és + i,4
ed + és + sel,4
ef + on + szám,4
eg + er + szeg,4
eg + et + és,4
egy + en + es,4
egy + én + i,4
egy + értelm + ű,4
ek + trom + os,4
el + ef + ánt,4
el + ek + trom,4
el + em + ben,4
el + et + et,4
el + et + é,4
el + felejt + et,4
el + indul + t,4
el + jut + ott,4
el + kezd + t,4
el + külön + ít,4
el + men + ek,4
el + men + t,4
el + pusz + tul,4
el + rend + ez,4
el + t + ek,4
el + terjed + t,4
el + terjed + és,4
el + veszt + et,4
el + végz + és,4
el + é + t,4
el + ér + het,4
el + és + ek,4
el + őz + mény,4
ellent + mond + ás,4
elm + é + t,4
elő + dönt + ő,4
elő + kész + ül,4
em + ény + ei,4
em + ény + t,4
emlék + ez + és,4
en + ci + ál,4
en + csé + tlen,4
en + tkez + és,4
en + tál + is,4
enged + tA/ + Ad,4
epl + ő + i,4
epl + ő + k,4
er + ika + i,4
er + át + or,4
erő + s + ség,4
erő + s + öd,4
es + ebb + en,4
es + ked + ő,4
es + ség + ű,4
es + ít + ő,4
et + ei + t,4
et + ek + kel,4
et + el + és,4
et + kez + ett,4
et + tes + e,4
et + é + n,4
et + é + re,4
et + é + vel,4
et + és + e,4
et + és + t,4
ett + ség + et,4
exu + ál + is,4
ez + et + é,4
feb + ru + ár,4
fej + ez + őd,4
fej + leszt + ett,4
fej + leszt + ő,4
fek + tet + és,4
fek + tet + ő,4
fel + em + el,4
fel + szab + ad,4
fel + szín + é,4
fel + tár + ás,4
fenn + tart + ó,4
fertő + z + és,4
feszül + t + ség,4
fogad + t + a,4
fogy + at + ék,4
foly + ad + ék,4
foly + tat + ód,4
for + dul + at,4
for + galm + az,4
for + máció + k,4
for + rad + al,4
for + rad + alm,4
függ + etlen + ség,4
gal + ax + is,4
gar + an + tál,4
ger + ész + et,4
gond + oz + ás,4
grat + ul + ál,4
gyak + orl + ás,4
gyanú + s + ít,4
gyer + mek + ei,4
gyer + mek + ek,4
gyil + kol + ás,4
gyüm + ölcs + ök,4
gál + at + ok,4
gör + ög + or,4
han + iz + mus,4
harm + ad + á,4
hasz + nál + ható,4
hat + ás + ai,4
hat + ás + ok,4
hat + ás + os,4
hel + ik + op,4
hibá + s + od,4
hol + lywo + od,4
hom + lok + zat,4
hossz + abb + ít,4
hossz + ú + ság,4
hozzá + fér + és,4
hul + lad + ék,4
ház + as + társ,4
hét + köz + nap,4
hív + tA/ + Ad,4
hű + ség + es,4
i + ség + et,4
idő + s + ebb,4
ik + op + ter,4
il + lesz + ked,4
ill + et + ő,4
im + ál + is,4
in + dok + ol,4
ir + ány + zat,4
ismer + és + e,4
it + áció + s,4
it + ás + a,4
iz + ra + el,4
j]=té + k + é,4
jegyz + és + ek,4
jegyz + ő + könyv,4
jel + leg + zet,4
jelen + tet + t,4
jelent + és + t,4
jelent + és + é,4
jelz + és + ek,4
jár + t + a,4
játék + os + ok,4
jóvá + hagy + ás,4
jö + tt + em,4
jöv + ed + elm,4
kal + if + or,4
kap + csol + ja,4
karban + tart + ás,4
kat + al + óg,4
kaz + et + tá,4
kci + on + ál,4
ked + elm + i,4
ked + vez + mény,4
ked + és + e,4
ked + és + ek,4
kedv + ez + ő,4
kel + lem + et,4
ker + eszt + ez,4
kerül + t + ek,4
kev + er + ék,4
kez + ő + k,4
ki + is + mer,4
ki + jelent + és,4
ki + képz + és,4
ki + men + t,4
ki + próbál + t,4
ki + rándul + ás,4
ki + talál + t,4
ki + vál + t,4
ki + végz + és,4
kim + en + et,4
kis + eb + bség,4
kod + ás + i,4
kol + os + tor,4
kon + cen + tráció,4
kon + cen + trál,4
kon + tin + ens,4
kor + szer + ű,4
koz + ás + i,4
koz + ó + k,4
kár + os + od,4
képz + és + i,4
kér + és + é,4
kérd + és + é,4
kérd + ő + jel,4
kész + ít + eni,4
kész + ül + et,4
két + harm + ad,4
kéz + ik + önyv,4
köt + el + ék,4
kötel + es + ség,4
köz + gazda + ság,4
köz + ig + az,4
köz + vetít + és,4
lab + or + at,4
lal + koz + ó,4
lan + at + ok,4
lap + ot + á,4
lap + ít + ás,4
le + zár + ás,4
le + ír + t,4
leg + en + dá,4
leg + zet + es,4
leg + ál + is,4
lel + ki + is,4
lelk + es + ed,4
lem + et + len,4
len + dül + et,4
leszt + és + i,4
lát + ogat + ott,4
lát + t + a,4
lát + tA/ + Ad,4
lát + ás + á,4
lép + és + ek,4
lép + és + t,4
man + ip + ul,4
mec + han + iz,4
meg + győz + őd,4
meg + hibá + s,4
meg + jelen + ít,4
meg + nyug + tat,4
meg + néz + t,4
meg + szab + ad,4
meg + szül + et,4
meg + talál + ás,4
meg + tanul + t,4
meg + te + tt,4
meg + terv + ez,4
meg + vál + aszt,4
meg + áll + t,4
meg + él + het,4
meg + ép + ít,4
meg + ért + et,4
meg + ír + t,4
meg + öl + t,4
meg + őrz + és,4
mellék + hat + ás,4
men + ed + ék,4
men + edzs + er,4
men + t + ek,4
men + t + ünk,4
ment + et + t,4
meny + as + szony,4
minő + sít + és,4
mon + it + or,4
mos + oly + og,4
munká + s + ság,4
mutat + t + a,4
mutat + tA/ + Ad,4
mész + et + tud,4
mét + el + t,4
mód + szer + ei,4
mű + sor + á,4
mű + vész + ek,4
nap + ok + on,4
neh + ez + ít,4
nehéz + ség + ek,4
nemzet + i + ség,4
nev + et + ség,4
nyer + em + ény,4
nyer + t + e,4
nyez + et + é,4
nyil + ván + ul,4
néz + t + e,4
ob + jek + tum,4
od + alm + i,4
ogat + t + a,4
ol + ik + us,4
om + ány + t,4
or + at + óri,4
os + od + ott,4
os + ság + gal,4
os + ság + i,4
os + ság + ok,4
os + ság + ú,4
os + ít + ott,4
osz + tály + ok,4
oz + at + a,4
oz + at + os,4
oz + ás + ra,4
pont + já + ban,4
pont + já + t,4
prog + ram + já,4
prog + ram + ok,4
pub + lik + ál,4
pusz + tul + t,4
pusz + tul + ás,4
pusz + tít + ott,4
pusz + tít + ás,4
rejt + ő + z,4
ren + get + eg,4
rend + el + len,4
rend + ez + ett,4
rend + szer + es,4
rend + őr + ök,4
repül + ő + gép,4
ruhá + z + ás,4
rá + jö + tt,4
rész + es + ed,4
rész + es + ül,4
rész + let + ei,4
rész + let + es,4
s + ít + eni,4
sajtó + tájék + oz,4
seb + es + ül,4
siv + at + ag,4
stab + il + it,4
svéd + or + szág,4
szab + ály + ai,4
szak + asz + á,4
szak + szer + vez,4
szak + á + ban,4
szel + lem + é,4
szem + ély + es,4
szen + ved + és,4
szer + ek + kel,4
szer + ez + ni,4
szer + keszt + és,4
szer + tart + ás,4
szer + ű + sít,4
szerv + ez + ő,4
szol + gál + t,4
szál + lít + mány,4
szár + az + föld,4
szír + oz + ás,4
szövet + ség + es,4
szük + ség + let,4
ság + os + an,4
ség + es + ek,4
ség + es + nek,4
ség + é + ben,4
ség + ügy + i,4
t + ek + et,4
t + á + n,4
t + é + vel,4
tal + ál + at,4
talál + t + am,4
tar + tal + ék,4
tat + ás + ban,4
te + tté + k,4
tec + hnol + ógia,4
tel + en + ség,4
tel + ep + ed,4
teljes + ít + ett,4
teljes + ít + és,4
tem + ény + é,4
ter + mék + eny,4
ter + vez + et,4
terh + es + ség,4
terv + ez + ett,4
test + vér + e,4
tet + és + t,4
tiszt + es + ség,4
tiv + it + ás,4
toz + at + á,4
tu + ál + is,4
tur + is + tá,4
tur + ál + is,4
táb + láz + at,4
táv + oz + ás,4
tén + et + ek,4
tét + el + ei,4
tét + el + ek,4
téz + mény + ek,4
tölt + és + e,4
tör + t + e,4
tör + tén + ész,4
tör + vény + ek,4
tör + ök + or,4
túl + vil + ág,4
túl + él + és,4
túl + él + ő,4
tűz + olt + ó,4
ug + usz + tus,4
ugy + an + an,4
ul + t + ak,4
vad + ász + at,4
val + am + en,4
val + ós + ul,4
ve + tet + t,4
vegy + ül + et,4
ver + seny + ek,4
ver + seny + ez,4
ver + seny + é,4
vezet + ő + i,4
vezet + ő + ség,4
világ + bajnok + ság,4
visel + ő + i,4
visel + ő + k,4
vissza + tér + t,4
vissza + ut + as,4
vitel + ez + és,4
vizs + gál + t,4
vág + tA/ + Ad,4
vál + aszt + ani,4
változ + ás + ok,4
ván + dor + ol,4
vég + er + ed,4
vég + tel + en,4
végz + és + é,4
vét + el + é,4
was + hin + gton,4
z + t + e,4
z + tA/ + Ad,4
z + tat + ás,4
áll + ás + a,4
áll + ás + pont,4
áll + ás + á,4
állam + polgár + ság,4
állít + ott + a,4
ár + nyal + at,4
át + men + et,4
át + os + ság,4
át + vit + el,4
éj + szak + á,4
ék + eny + ked,4
ék + ony + abb,4
él + et + rajz,4
él + het + és,4
él + ő + lény,4
ély + es + en,4
ép + ít + mény,4
ér + ett + ség,4
ér + in + tkez,4
ér + t + e,4
ér + t + em,4
ér + tes + ül,4
érdekl + őd + ő,4
ért + et + t,4
és + e + kor,4
ész + rev + ét,4
év + század + ok,4
ír + t + a,4
ír + t + am,4
ír + tA/ + Ad,4
ír + ó + k,4
ít + ő + k,4
ó + i + nak,4
ó + já + nak,4
ó + köz + pont,4
ó + s + ság,4
ó + ság + i,4
ó + z + ás,4
ög + or + szág,4
ök + or + szág,4
ön + tud + at,4
ön + él + et,4
ös + szes + ít,4
össze + kap + csol,4
össze + állít + ás,4
új + vár + os,4
ül + et + et,4
ül + mény + ek,4
ül + ál + ló,4
ül + és + e,4
ül + és + i,4
üt + ött + e,4
üzemel + tet + és,4
őd + és + e,4
őd + és + i,4
őd + és + t,4
